iacaatorg-boiki,QOHYJG9,iacaatorg-boiki-su@mailtest.gov.uk
iacaatorg-cy9jo,28O12LT,iacaatorg-cy9jo-su@mailtest.gov.uk
iacaatorg-ojqsc,90AUR76,iacaatorg-ojqsc-su@mailtest.gov.uk
iacaatorg-j34it,2R4FPO1,iacaatorg-j34it-su@mailtest.gov.uk
iacaatorg-uvs0p,Z4YB0XP,iacaatorg-uvs0p-su@mailtest.gov.uk
iacaatorg-kvplq,IONYXJ8,iacaatorg-kvplq-su@mailtest.gov.uk
iacaatorg-xmswl,8D3XHI3,iacaatorg-xmswl-su@mailtest.gov.uk
iacaatorg-lhioe,URXDT1D,iacaatorg-lhioe-su@mailtest.gov.uk
iacaatorg-11shh,A6AEML7,iacaatorg-11shh-su@mailtest.gov.uk
iacaatorg-y0l62,FNX8KN5,iacaatorg-y0l62-su@mailtest.gov.uk
iacaatorg-4ma2b,V32PXQJ,iacaatorg-4ma2b-su@mailtest.gov.uk
iacaatorg-fe2i0,FL06AZD,iacaatorg-fe2i0-su@mailtest.gov.uk
iacaatorg-kvwsh,GV6N8LC,iacaatorg-kvwsh-su@mailtest.gov.uk
iacaatorg-yxa9g,6RHZA00,iacaatorg-yxa9g-su@mailtest.gov.uk
iacaatorg-q6m64,0TDJUPS,iacaatorg-q6m64-su@mailtest.gov.uk
iacaatorg-xd9ie,GJQ0GM2,iacaatorg-xd9ie-su@mailtest.gov.uk
iacaatorg-9vkfn,EE4GR3X,iacaatorg-9vkfn-su@mailtest.gov.uk
iacaatorg-fa5bk,U3JPKLN,iacaatorg-fa5bk-su@mailtest.gov.uk
iacaatorg-c81h3,NB3YLUY,iacaatorg-c81h3-su@mailtest.gov.uk
iacaatorg-zz1h2,8UHXERI,iacaatorg-zz1h2-su@mailtest.gov.uk
iacaatorg-kclp8,DN8XIHU,iacaatorg-kclp8-su@mailtest.gov.uk
iacaatorg-4ei1e,DG0EOAJ,iacaatorg-4ei1e-su@mailtest.gov.uk
iacaatorg-yw8gz,FCD1DPC,iacaatorg-yw8gz-su@mailtest.gov.uk
